NEEDLE BUSH	ESH00311IG4ZG01	HDPE	GRADE 500	MARCO	100	NOS	Mechanical Component (Boughtout)
NEEDLE O-RING	MBIPL-PS-3001-003	RUBBER	DRML (M) A4	AILGA	100	NOS	Sealing / Rubber Component (Boughtout)
CASING O-RING	MBIPL-PS-3001-004	RUBBER	DRML (M) A4	AILGA	100	NOS	Sealing / Rubber Component (Boughtout)
M2 HEADLESS SCREW LOCKING SCREW	SFGSM2X5D916A4	SS	STD	SPECIALITY FASTNERS	100	NOS	Hardware / Fastener (Boughtout)
M3 HEADLESS SCREW LOCKING SCREW	SFGSM3X16D9l6A4	SS	STD	SPECIALITY FASTNERS	100	NOS	Hardware / Fastener (Boughtout)
Electrical Connector - MALE	D38999/25YA35PN	STD	MIL	AMPHENOL	36	NOS	Electro-Mechanical Component (Boughtout)
Electrical Connector - FEMALE	D38999/26FA35SN	STD	MIL	AMPHENOL	36	NOS	Electro-Mechanical Component (Boughtout)
BACKSHELL	M85049/38S9W	STD	MIL	AMPHENOL	24	NOS	Electro-Mechanical Component (Boughtout)
Electrical Connector - MALE	D38999/25YA98PN	STD	MIL	AMPHENOL	6	NOS	Electro-Mechanical Component (Boughtout)
Electrical Connector - FEMALE	D38999/26FA98SN	STD	MIL	AMPHENOL	6	NOS	Electro-Mechanical Component (Boughtout)
BACKSHELL	M85049/52S8N	STD	MIL	AMPHENOL	10	NOS	Electro-Mechanical Component (Boughtout)
Electrical Connector - MALE	PTIH-8-33P	STD	MIL	AMPHENOL	8	NOS	Electro-Mechanical Component (Boughtout)
Electrical Connector - FEMALE	951-06 RC 8-33 S 50	STD	MIL	SOURIAU	0	NOS	Electro-Mechanical Component (Boughtout)
SPDT Switch	4SX37-H58	STD	MIL	HONEYWELL	54	NOS	Electro-Mechanical Component (Boughtout)
Lead Wiring - RED	M22759/86-28 (75986A-28) - R	STD	MIL	SANGHVI	100	MTRS	Consumable
Lead Wiring - BLACK	M22759/86-28 (75986A-28) - B	STD	MIL	SANGHVI	100	MTRS	Consumable
Lead Wiring - YELLOW	M22759/86-28 (75986A-28) - Y	STD	MIL	SANGHVI	100	MTRS	Consumable
Lead Wiring - BLUE	M22759/86-28 (75986A-28) - BL	STD	MIL	SANGHVI	100	MTRS	Consumable
Lead Wiring - WHITE	M22759/86-28 (75986A-28) - W	STD	MIL	SANGHVI	100	MTRS	Consumable
Lead Wiring - RED	2D0B-736 (AWG 28/7/36 600 V) - R	STD	MIL	FLU-TEF	100	MTRS	Consumable
Lead Wiring - BLACK	2D0B-736 (AWG 28/7/36 600 V) - B	STD	MIL	FLU-TEF	100	MTRS	Consumable
Lead Wiring - YELLOW	2D0B-736 (AWG 28/7/36 600 V) - Y	STD	MIL	FLU-TEF	100	MTRS	Consumable
Lead Wiring - BLUE	2D0B-736 (AWG 28/7/36 600 V) - BL	STD	MIL	FLU-TEF	100	MTRS	Consumable
Lead Wiring - WHITE	2D0B-736 (AWG 28/7/36 600 V) - W	STD	MIL	FLU-TEF	100	MTRS	Consumable
Lead Wiring - BROWN	2D0B-736 (AWG 28/7/36 600 V) - BR	STD	MIL	FLU-TEF	100	MTRS	Consumable
Heat Shink Sleeves, (dia 1.00 mm) - (1 MTR)	RNF-100-3/64-0-STK	STD	MIL	TE	10	MTRS	Consumable
EPOXY - (1 QT KIT)	LOCTITE EA 9394	STD	MIL	DIVANSHI AVIATION	1200	Grms	Consumable
THREAD LOCKER - (50 ML PACK)	HENKEL/ LOCTITE(R)/262	STD	MIL	DIVANSHI AVIATION	50	ML	Consumable
SWITCH ACTUATOR LEVER SET - (1 SET) (M2 CHEESE HEAD SCREW & NUT)	JX-4	STD	-	HONEYWELL	27	NOS	Mechanical Component (Boughtout)
SWITCH ACTUATOR LEVER SET - (1 SET) (M2 CHEESE HEAD SCREW & NUT)	JX-40	STD	-	HONEYWELL	12	NOS	Mechanical Component (Boughtout)
SPRING - (WD - 2.3 mm) - PB	MBIPL-PS-3004-005	SPRING STEEL	IS 4454, GRADE-2	LAKSHMI SPRINGS	10	NOS	Mechanical Component (Boughtout)
SPRING - (WD - 3.5 mm) - EMDP	MBIPL-PS-3005-001	SPRING STEEL	IS 4454, GRADE-3	LAKSHMI SPRINGS	10	NOS	Mechanical Component (Boughtout)
PRESSURE SENSOR CELL	PAA-7LHP	SS 316L	-	KELLER	14	NOS	Electronics Component
PRESSURE SENSOR CELL	PAA-9LHP	SS 316L	-	KELLER	2	NOS	Electronics Component
SIGNAL CONDITIONING PCB	MBIPL-PT-4001-003	FR-4	MIL-PRF-55110	MICROPACK	20	NOS	Electronics Component
EMI PCB	MBIPL-PT-4001-004	FR-4	MIL-PRF-55110	MICROPACK	20	NOS	Electronics Component
LIGHTNING PROTECTION PCB	MBIPL-PT-4001-005	FR-4	MIL-PRF-55110	MICROPACK	20	NOS	Electronics Component
KAPTON TAPE (2 MIL POLYAMIDE) - (1 ROLL) 50.8mm (2") wide x 33m (36yd) long	PIT2N	POLYIMIDE	ASTM D-5213-07	CAPLINQ	32	MTRS	Consumable
RTV GEL - (90 ML PACK)	MIL-3145 CLEAR	SILICONE	MIL-A-46146	AERIUM TECH	1	NOS	Consumable
CONFORMAL COATING - (453 GRAM)	DOWSIL 1-2577	SILICONE	nan	DIVANSHI AVIATION	906	GRMS	Consumable
Diode	JAN1N4148UR-1	DO-213AA	MIL-PRF-19500/116	MICROSEMI	20	NOS	Electronics Component
JFET	JANTX2N4093UB	UB	MIL-PRF-19500/431	MICROSEMI	21	NOS	Electronics Component
Capacitor	CGA3E3X8R1H104K080AB	0603	AEC-Q200	TDK	31	NOS	Electronics Component
Zener	JANTX1N754AUR-1	DO-213AA	MIL-PRF-19500/127	MICROSEMI	45	NOS	Electronics Component
SSC	ZSC31050FEG1	SSOP16	AEC-Q100	Renesas Electronics	27	NOS	Electronics Component
Capacitor	C0805C153K5HACAUTO	0805	AEC-Q200	KEMET	30	NOS	Electronics Component
Resistor	CRCW06030000Z0EAHP	0603	AEC-Q200	VISHAY	22	NOS	Electronics Component
Resistor	ERA-3AEB103V	0603	AEC-Q200	PANASONIC INDUSTRY	32	NOS	Electronics Component
Capacitor	CGA3E2X8R2A472K080AA	0603	AEC-Q200	TDK	34	NOS	Electronics Component
Capacitor	CGA3E2NP02A471J080AA	0603	AEC-Q200	TDK	31	NOS	Electronics Component
Resistor	RT1206BRD07390RL	1206	COMMERCIAL	YAGEO	22	NOS	Electronics Component
Resistor	ERA-8AED151V	1206	AEC-Q200	PANASONIC	22	NOS	Electronics Component
Transistor	FMMT597TA	SOT-23	AEC-Q101	DIDOES INCORPORATED	22	NOS	Electronics Component
Transistor	JANTX2N2222AUB	UB	MIL-PRF-19500/255	MICROCHIP	22	NOS	Electronics Component
Resistor	RG3216P-2201-B-T1	1206	AEC-Q200	SUSUMU	21	NOS	Electronics Component
Resistor	RG3216L-102-L-T05	1206	AEC-Q200	SUSUMU	12	NOS	Electronics Component
Resistor	ERA-6AEB202V	0805	AEC-Q200	PANASONIC INDUSTRY	21	NOS	Electronics Component
Varistor	VE1206K201R030	1206	AEC-Q200	KEMET	24	NOS	Electronics Component
Capacitor	CGA9N3X7R1H106K230KB	2220	AEC-Q200	TDK	23	NOS	Electronics Component
Capacitor	500X18W104MV4E	1206	COMMERCIAL	Johanson Dielectrics	23	NOS	Electronics Component
Capacitor	KVF500L475M55NHT00	2220	AEC-Q200	CHEMI-CON	24	NOS	Electronics Component
Capacitor	CGA5L3X8R1H105K160AD	1206	AEC-Q200	TDK	45	NOS	Electronics Component
Capacitor	KTS500B156M55N0T00	2220	AEC-Q201	CHEMI-CON	24	NOS	Electronics Component
TVS DIODE	MSMBG40CA	DO-215AA	MIL-PRF-19500	MICROSEMI	24	NOS	Electronics Component
TVS DIODE	MSMBJ13CA	DO-214AA	MIL-PRF-19500	MICROSEMI	75	NOS	Electronics Component
Common Mode Chokes	PLT5BPH3013R7SNL	-	AEC-Q200	Murata	28	NOS	Electronics Component
FIXED INDUCTOR	MLZ2012N220LT000	0805	COMMERCIAL	TDK	301	NOS	Electronics Component
Resistor	ERJ-UP3J6R2V	0603	AEC-Q200	PANASONIC INDUSTRY	24	NOS	Electronics Component
Resistor	ERJ-UP3J3R6V	0603	AEC-Q200	PANASONIC INDUSTRY	24	NOS	Electronics Component
TVS Diode	MSMLJ40CAE3	DO-214AB	MIL-PRF-19500	MICROSEMI	55	NOS	Electronics Component
TVS Diode	MSMCJ17CA	DO-214AB	MIL-PRF-19500	MICROSEMI	21	NOS	Electronics Component
TVS DIODE	MSMBJ13CA	DO-214AA	MIL-PRF-19500	MICROSEMI	75	NOS	Electronics Component
RANGE SPRING	STD - PART	MUSIC WIRE	ASTM A228/ MS24585-1039	LEE SPRINGS	8	NOS	Mechanical Component (Boughtout)
ACTATING SHEET (0.076 mm thick 20cm X 20cm)	MB2K-I5-8000-014-000	SS347	nan	ADA	2	NOS	Raw Material (Boughtout)
SEALING O RING	MB2K-I5-8000-011-000	RUBBER	VITON	SUJAN	10	NOS	Sealing / Rubber Component (Boughtout)
SEALING O RING-ADAPTOR	MB2K-I5-8000-019-000	RUBBER	VITON	SUJAN	300	NOS	Sealing / Rubber Component (Boughtout)
Electrical Connector - FEMALE	D38999/26-S-A-35SN	STD	MIL	AMPHENOL	5	NOS	Electro-Mechanical Component (Boughtout)
M2x16 - Slotted Cheese Head Screws DIN84/ISO1207 A4	SFSCHM2x16D84A4	STD	STD	SPECIALITY FASTNERS	100	NOS	Hardware / Fastener (Boughtout)
M2 - Hexagon Thin Nuts DIN439/ISO4035 A4	SFHTNM2D439A4	STD	STD	SPECIALITY FASTNERS	100	NOS	Hardware / Fastener (Boughtout)
Lead Wiring - GREEN	2D0B-736 (AWG 28/7/36 600 V) - G	STD	MIL	FLU-TEF	100	m	Consumable
